First Name,Middle Name,Last Name,Phonetic First Name,Phonetic Middle Name,Phonetic Last Name,Name Prefix,Name Suffix,Nickname,File As,Organization Name,Organization Title,Organization Department,Birthday,Notes,Photo,Labels,E-mail 1 - Label,E-mail 1 - Value,E-mail 2 - Label,E-mail 2 - Value,Phone 1 - Label,Phone 1 - Value,Phone 2 - Label,Phone 2 - Value,Address 1 - Label,Address 1 - Formatted,Address 1 - Street,Address 1 - City,Address 1 - PO Box,Address 1 - Region,Address 1 - Postal Code,Address 1 - Country,Address 1 - Extended Address
Our Neighbor,,,,,,,,,,,,,,,,,,,,,,,,,,,1 Acme St.,Concord,,CA,94520,,
Our Neighbor,,,,,,,,,,,,,,,,,,,,,,,,,,,2 Acme St.,Concord,,CA,94520,,
Our Neighbor,,,,,,,,,,,,,,,,,,,,,,,,,,,3 Acme St.,Concord,,CA,94520,,
Our Neighbor,,,,,,,,,,,,,,,,,,,,,,,,,,,4 Acme St.,Concord,,CA,94520,,
Our Neighbor,,,,,,,,,,,,,,,,,,,,,,,,,,,5 Acme St.,Concord,,CA,94520,,
Our Neighbor,,,,,,,,,,,,,,,,,,,,,,,,,,,6 Acme St.,Concord,,CA,94520,,
Our Neighbor,,,,,,,,,,,,,,,,,,,,,,,,,,,7 Acme St.,Concord,,CA,94520,,
Our Neighbor,,,,,,,,,,,,,,,,,,,,,,,,,,,8 Acme St.,Concord,,CA,94520,,
Our Neighbor,,,,,,,,,,,,,,,,,,,,,,,,,,,9 Acme St.,Concord,,CA,94520,,
Our Neighbor,,,,,,,,,,,,,,,,,,,,,,,,,,,10 Acme St.,Concord,,CA,94520,,